study_id,option,status,n_points,roll_deg,pitch_deg,yaw_deg,r11,r12,r13,r21,r22,r23,r31,r32,r33
CQ500CT1,gpa,ok,5,-4.049049024999328,1.639133555507122,2.8489396923662738,0.9983553644076987,-0.051596101802356714,0.024988169944426986,0.04968255302099722,0.9961707127559074,0.07194133007321389,-0.028604375254260038,-0.07058153672305649,0.9970958010091734
CQ500CT1,axis,ok,5,6.865857220090743,8.9123578045958,171.40993452708733,-0.9768442055855999,-0.16660538133536795,-0.13423131126505042,0.14756055161276957,-0.9789252212529954,0.14117823770861163,-0.15492347020891767,0.1181018971264675,0.9808418120540926
CQ500CT1,reference,ok,7,15.395454723502173,10.276785972825586,-5.695499827228784,0.9790999650562386,0.14280915887810064,0.1448060860855016,-0.09764950183300122,0.9546566478757156,-0.28123879436960264,-0.1784035684022014,0.2612206515711009,0.9486495337974559
CQ500CT101,gpa,ok,5,-19.275020616782058,-5.472807478650876,10.01672062079656,0.9802680938304019,-0.13318248427299753,-0.14607152392229686,0.17314269429147153,0.9350324528256008,0.309412216268897,0.09537332767393286,-0.32859814066091936,0.9396420543603758
CQ500CT101,axis,ok,5,-2.5560060191150686,1.0247221425216368,177.59841970007577,-0.9989618868663903,-0.041064676654944045,-0.019719049661838007,0.04189650944592431,-0.9981610750992331,-0.04380811172592006,-0.017883821867506824,-0.04458879330020059,0.9988453375910824
CQ500CT101,reference,ok,7,-3.068737260759988,0.8793949136727394,-1.5248001545175707,0.9995281590866756,0.025750150284905682,0.016744818694323066,-0.02660650769428826,0.9982343008267145,0.05310719726474155,-0.01534773407102044,-0.05352766026371014,0.9984484146141843
CQ500CT104,gpa,ok,5,-3.4687008174014635,-7.6077831208898585,10.090274490543063,0.97586664602178,-0.16699244718919223,-0.14070469702169472,0.17365742871779977,0.9841326322150603,0.036415102094860256,0.132391036831518,-0.05997069943915648,0.989381690034465
CQ500CT104,axis,ok,5,13.570402977453082,-0.629014659219175,177.96919505235556,-0.9993116950146246,-0.03187320219108659,0.018979862725645617,0.035434676389167856,-0.9715630728911492,0.23411445727144387,0.0109781563203112,0.2346258604169495,0.9720237577895989
CQ500CT104,reference,ok,7,13.136847968874987,-1.1381834759982492,-2.1853788320904948,0.9990755198664941,0.032623571853933615,-0.027996574129444063,-0.03812528467400119,0.9732938699659531,-0.2263747012261425,0.019863742648871478,0.22723279967071242,0.9736378620831204
CQ500CT107,gpa,ok,5,-18.321442430721852,-0.7178281328718968,15.932941206869925,0.96150817728295,-0.25680961448880724,-0.0977284345732054,0.2744905659771847,0.913920031858698,0.29900686372878016,0.012528136634949241,-0.3143230778570141,0.9492334004442476
CQ500CT107,axis,ok,5,-5.189888455549277,4.2865346664257284,-174.94720273259034,-0.993327559716039,0.09444748096452711,-0.06618181357468336,-0.08782731909776684,-0.9914347931556243,-0.09666133115451875,-0.07474437188630255,-0.0902037929353294,0.9931145727515039
CQ500CT107,reference,ok,7,1.7553874532700608,3.3916719211743818,5.54506782479236,0.9935771340447732,-0.09477955982966585,0.06181677556997382,0.0964594322924155,0.9950285269185298,-0.024775159740439246,-0.05916127639933597,0.030578843288034646,0.997779974602601
CQ500CT11,gpa,ok,5,-20.52785022750474,-9.59304223490769,11.47228705955822,0.9663166826208167,-0.12899448409913436,-0.22269371782943947,0.19611266226575774,0.9294143800465186,0.3126159526668204,0.16664901016128686,-0.34575906818873875,0.9234060722009138
CQ500CT11,axis,ok,5,-6.5349265226891005,-3.0590754072135153,179.29194386173788,-0.9984987932176488,-0.018350316308852962,0.05160838918493888,0.012339987307601975,-0.9933517489055589,-0.11445535225368825,0.053365575572154135,-0.11364668423510067,0.9920869651931831
CQ500CT11,reference,ok,7,-2.462972206233528,-3.5670749622486153,-1.6510354337610815,0.9976482982033932,0.03145798678622727,-0.06089555122692704,-0.02875619752985585,0.9985843988838375,0.044746836865059494,0.06221699281946738,-0.04289048114864049,0.9971406382408353
CQ500CT110,gpa,ok,5,-17.67356910496054,-2.232836669483595,10.27742365286666,0.9832083490393108,-0.1583552698094349,-0.09069151505501583,0.17827905858278006,0.9396246399828038,0.29209949196810303,0.03896048832125653,-0.3033630571786343,0.9520782194173973
CQ500CT110,axis,ok,5,-8.014740951123652,3.9172915121503835,178.86762189528358,-0.9974688669945254,-0.01004605721533175,-0.07039130707043295,0.01971626884194228,-0.9902270826418728,-0.13806373001450448,-0.06831638251261522,-0.1391021262849422,0.9879187569549421
CQ500CT110,reference,ok,7,3.4551474643303193,3.889390859450786,0.11130484251490241,0.997694973174224,0.0021488433055287933,0.06782420641137009,0.0019381605853627602,0.9981883407852562,-0.0601355124192118,-0.06783055385612886,0.06012835265350414,0.9958833250791711
CQ500CT115,gpa,ok,5,5.937832732071739,-4.491919666958172,9.88588161420645,0.9821256587986595,-0.17874690233648755,-0.05898080394848564,0.17115899826558392,0.9784750507580545,-0.11528734690651948,0.07831850127537776,0.10313156621099316,0.9915795945907954
CQ500CT115,axis,ok,5,15.07490991740704,1.561074875519374,177.27592658874102,-0.9984992674547566,-0.05296788093963995,-0.013914613939258032,0.04750850123800345,-0.9641587601393706,0.2610379810614351,-0.027242525625079114,0.259985170414152,0.9652282403464433
CQ500CT115,reference,ok,6,27.188672391648513,2.530319915635618,-1.7403442093802315,0.9985641719905404,0.047177296265593915,0.02537512825416939,-0.030340455198468664,0.8884837854185275,-0.45790394170252874,-0.04414805992562845,0.4564765774554391,0.8886394561572039
CQ500CT116,gpa,ok,5,-13.05800651778521,-9.579377631279177,5.595840853213257,0.9813569293703848,-0.05756927528033585,-0.18336945143732633,0.09615096637144714,0.9731658465692998,0.20905316724913456,0.16641384810936222,-0.22278692424546537,0.9605583884088876
CQ500CT116,axis,ok,5,5.195824931034676,-1.0376865551123382,173.21172835526264,-0.9928268735679386,-0.11608647091019045,0.02861346523806712,0.11818132238294328,-0.989103384588838,0.0877933347966929,0.018110056905802346,0.09054515926609707,0.9957276735997377
CQ500CT116,reference,ok,7,2.4334194163506413,-1.3697060509157652,-7.2112874599081165,0.9918065191891777,0.1244086025183689,-0.02902288947148501,-0.1254928134855178,0.9913227591246566,-0.03912468536572234,0.023903603438322058,0.042446282062204826,0.9988127606722691
CQ500CT123,gpa,ok,5,-15.345620645229452,-6.629412034846424,11.856524273812262,0.9721214557469269,-0.1682361137493203,-0.1633293767422191,0.20408784693226986,0.9500500986672487,0.2361206487304817,0.11544707017082077,-0.2628714896158937,0.9578990311802674
CQ500CT123,axis,ok,5,-0.6249951712495831,0.048496989260665965,-179.51222758836715,-0.9999634044266428,0.008521857822019096,-0.0007534897078808177,-0.00851312870114323,-0.9999041921119047,-0.010914817302952072,-0.0008464320388322754,-0.010908003314096602,0.9999401477171037
CQ500CT123,reference,ok,7,2.5021176989469023,-0.7563044896147694,-0.6285138643447024,0.9998527206032215,0.010382746102212138,-0.013665126626316092,-0.010968460684994599,0.9989928212860267,-0.043509032271309506,0.01319962016642836,0.04365250969143852,0.9989595729683464
CQ500CT125,gpa,ok,5,-6.2054300542736245,-4.612829222900009,2.661019092561603,0.9956860811315899,-0.03747108249097574,-0.0848831303485677,0.046276468550438654,0.9934723285675219,0.10426514676116033,0.08042211324827091,-0.107743446889268,0.9909205989145154
CQ500CT125,axis,ok,5,6.841080551592298,3.4885381393856774,172.54262012872377,-0.9897043448668185,-0.13605136955437455,-0.044444736405122046,0.12954815889399338,-0.9835415422042922,0.125949629954118,-0.060848864236881406,0.11889516222614613,0.9910405421173747
CQ500CT125,reference,ok,6,12.005646973758113,3.709853692481921,-7.594513768105396,0.9891510861782183,0.1426116054503528,0.03524285322336079,-0.1318845342994047,0.9677684153557147,-0.21454781250928207,-0.06470392820439591,0.20757221449597194,0.9760774443885888
CQ500CT13,gpa,ok,5,-24.63149363909765,-9.101284442934036,13.152420888365295,0.9615087050712724,-0.1426405409786711,-0.2348503483954767,0.22467762128966506,0.9001633065899208,0.3731299880212212,0.15818020281875536,-0.41153334924208845,0.8975629927185089
CQ500CT13,axis,ok,5,-3.3361918500958563,-2.8185967332064266,-179.44331470839455,-0.9987430865837134,0.006837847284291474,0.049653709284947216,-0.009704084434885903,-0.9982859397016501,-0.05771493168387317,0.04917395394431844,-0.05812423279932604,0.9970975357581483
CQ500CT13,reference,ok,7,-10.3293470473108,-3.023924134172906,0.6005350044319947,0.9985527425864159,-0.0008528516060863231,-0.0537744634309363,0.010466527222520049,0.9838384278039779,0.17875234203807525,0.052752934335896014,-0.1790564732712414,0.9824234867401216
CQ500CT134,gpa,ok,5,-18.796110680079625,-5.947394342004188,11.613794264338534,0.9742544567696408,-0.15787641591961327,-0.1609449929661366,0.2002301715614857,0.9340106161700599,0.29585815398275433,0.10361530707839699,-0.3204671686429084,0.9415756273189357
CQ500CT134,axis,ok,5,-4.367947294966585,0.2524958751294234,-179.7533886849715,-0.9999810268248026,0.004627294324448638,-0.004066219085134513,-0.00430412433534893,-0.9970848340874119,-0.07617944700891631,-0.004406870104648408,-0.07616050013040457,0.9970858326722767
CQ500CT134,reference,ok,7,7.199214667883636e-15,4.115494157492771e-17,1.6094155966605928e-16,1.0,-1.4380391156620728e-17,2.073593136631407e-18,2.8089601194676398e-18,0.9999999999999999,6.29421652857536e-17,-7.182892339483892e-19,1.2564999951243954e-16,1.0000000000000002
CQ500CT136,gpa,ok,5,0.161599198144272,-6.439008056964327,11.437420126041,0.9739589424215839,-0.1986067467515893,-0.10935876106549888,0.19704661694022738,0.9800752549370587,-0.025002508123617942,0.11214548242993166,0.002802642469234479,0.9936878463409663
CQ500CT136,axis,ok,5,8.487637763736199,-0.4400443479317204,178.97106081384436,-0.999809264678599,-0.016627360613384837,0.010245249722266246,0.017956881730458528,-0.9889086064543511,0.14743581138594455,0.00768014722238205,0.1475916629066356,0.989018562201487
CQ500CT136,reference,ok,7,23.02291310728962,-0.6697582656651443,-0.6783496868478525,0.9998615982159855,0.0063248277814405745,-0.015387688796880036,-0.011838350057528278,0.9203381444225216,-0.3909444377259064,0.011689220713543313,0.3910724951648289,0.9202856435067676
CQ500CT137,gpa,ok,5,-21.386507271019855,-5.719643510612889,15.110779940355718,0.9606172013347212,-0.2076502371023717,-0.18465094511314004,0.2593883169541384,0.9084200689794176,0.32785771197751146,0.099660892668822,-0.3628420555927305,0.9265059898164154
CQ500CT137,axis,ok,5,-6.400555686685316,-0.23403275431766898,-176.69369963571936,-0.9983271524635252,0.05685972533714889,0.010481807508888575,-0.05767332525185679,-0.9921389556590696,-0.11105890427212259,0.004084630762130501,-0.11147764035139485,0.9937585478843551
CQ500CT137,reference,ok,7,-2.523079855381317,-1.0082115902438753,2.994197147885259,0.9984802251316459,-0.051410640443706794,-0.019854119729286798,0.05222672909343266,0.9977071842079617,0.04304350529431155,0.017595703715911827,-0.04401500458920944,0.9988759034943999
CQ500CT140,gpa,ok,5,-16.04788737080362,-11.482711781915043,9.376998300015654,0.9668899166355623,-0.10228435347789754,-0.2337986316086634,0.15966881284726997,0.9571556554465381,0.24157591239743104,0.19907224646448948,-0.27090766375338343,0.9417957731946269
CQ500CT140,axis,ok,5,-4.507576085987578,-4.306952301413084,176.76330738738122,-0.9955853439595611,-0.06217900657328465,0.07031069644429604,0.056301457865361254,-0.9949834544637279,-0.08269263078208151,0.07509972526685747,-0.07836897654675687,0.9940917134650386
CQ500CT140,reference,ok,7,3.5603624576143686,-4.398551671195343,-4.020536202797155,0.9946009234365822,0.06522772507618106,-0.08071150463523408,-0.06990751306649455,0.9959475935785942,-0.0565803010054182,0.07669382449686,0.06191716019321299,0.9951303043107735
CQ500CT145,gpa,ok,5,-5.604634466421233,-6.174510929987557,5.632097827282788,0.9893994920143289,-0.08721758267925747,-0.11611088869427807,0.09757110219067465,0.9914460629619465,0.08668670171688896,0.10755707888876995,-0.09709684602932722,0.9894461467265775
CQ500CT145,axis,ok,5,10.433995405095304,2.1170478668340182,174.442022804752,-0.9946193585449885,-0.10191006720009443,-0.018619071159112176,0.09678683036312064,-0.9781926747172035,0.18376996652843924,-0.03694104865615423,0.18097908534655438,0.9827929230470214
CQ500CT145,reference,ok,7,9.916653826423877,1.1420751155358126,-6.031605079191854,0.9942665294868287,0.10692065048941639,0.0014292799367232004,-0.10505616414874999,0.9792454252395724,-0.17332512663119726,-0.019931651124990967,0.17218121746081858,0.9848636238775103
CQ500CT160,gpa,ok,5,-13.8633813714624,-4.680748321632012,12.587207547752998,0.9727104634235969,-0.1924942324655597,-0.1295388930543517,0.21719853160300134,0.9517964517539724,0.2165832687398705,0.08160362869230592,-0.23880846906264028,0.9676318323041083
CQ500CT160,axis,ok,5,2.670656034833475,1.4695038312591675,-178.39498662791334,-0.9992789133846416,0.026784232446932506,-0.026912044831980255,-0.027999892612759893,-0.9985554322847185,0.04585907400234772,-0.025644868462983812,0.04657954000317712,0.9985853429600339
CQ500CT160,reference,ok,7,3.637492553706922,0.996045042152665,1.0789763765139333,0.9996716132143612,-0.017689972712884958,0.01853997299928279,0.018827731938035146,0.9978292403581446,-0.06310565423445029,-0.017383389872698673,0.06343399681326939,0.9978346284855157
CQ500CT161,gpa,ok,5,-21.812887883738778,-2.732914907539005,11.730591956269041,0.9780007997498559,-0.17140670946771097,-0.1188872391726521,0.20307886821112475,0.9126140485363822,0.35481625061448685,0.04768027867716749,-0.3711540628411407,0.9273463498940306
CQ500CT161,axis,ok,5,-6.114134016109591,3.243302793837467,-179.11375532854836,-0.9982788566788011,0.021404449988046532,-0.054600126636985505,-0.015442496631117505,-0.9940995512349552,-0.10736671519730263,-0.05657608687302051,-0.1063387594208715,0.9927191015785717
CQ500CT161,reference,ok,7,-4.091493455601349,3.003660300451666,1.4190933727534456,0.9983199030687046,-0.028439744271338423,0.050483186138293994,0.024731296671857098,0.99705287126334,0.0726218622073139,-0.05239975287939208,-0.07125133578614776,0.9960810775468373
CQ500CT167,gpa,ok,5,-3.7186198150178758,-4.971983924451385,14.681890069156745,0.9637079709378676,-0.24748108618174283,-0.10010024342189325,0.2524985089271658,0.9667359147333076,0.040818796580896294,0.08666862027501877,-0.0646125618363759,0.9941397120689653
CQ500CT167,axis,ok,5,4.870457057016958,0.8139149273641076,-177.2248691042076,-0.9987264683619276,0.0470367779394882,-0.018247819441860564,-0.04841135062905021,-0.9952790799665521,0.0841183339778243,-0.014205017549536118,0.0848946082033771,0.9962886745187925
CQ500CT167,reference,ok,7,18.945512701164915,-0.5312926705355497,2.8185300389141332,0.9987473464408144,-0.04951589716095644,0.007205130517723266,0.0491706772729397,0.9445355401355681,-0.32470734195169026,0.009272673506182386,0.3246548772914969,0.9457870945286212
CQ500CT169,gpa,ok,5,-2.222062775825997,-10.982247482234538,22.220990227604513,0.9087784810540515,-0.3710577881355395,-0.19088685192294738,0.37125406220367735,0.9278293822116827,-0.03609790578351855,0.19050483896835876,-0.0380625192104877,0.9809480878012816
CQ500CT169,axis,ok,5,9.201117101043016,-6.8296585906627385,-169.35003234937798,-0.9758008661707179,0.20111808436761439,0.08581483392035308,-0.18349711299138352,-0.9666151968624446,0.17884034980508443,0.1189179511440727,0.15876579396985574,0.9801285342039672
CQ500CT169,reference,ok,7,19.97023596403269,-9.022531756252713,7.935071673937693,0.9781703636035809,-0.1827970425702302,-0.09883309665904547,0.13634268915361242,0.9234770420078292,-0.3586095704228096,0.15682286466583945,0.3373060837163303,0.9282409143137099
CQ500CT173,gpa,ok,5,-6.212834255500932,-9.997174796081419,11.435899114278333,0.9652648923407205,-0.1786926759332489,-0.1906111622709219,0.19526100591679557,0.9781154736800688,0.0718558259014261,0.1735996174616117,-0.10657883333678336,0.9790322390512749
CQ500CT173,axis,ok,5,14.064823129673208,-3.412934922403294,178.001835968703,-0.997619436910912,-0.019363619159766456,0.06618541644947194,0.03480563203288196,-0.9699360146233776,0.24085824776268427,0.059531731676024074,0.24258849475924144,0.968300983751488
CQ500CT173,reference,ok,7,8.787488781590199,-3.702144426471379,-1.7214876318851662,0.9974628082473239,0.019828620136089672,-0.06837230423834581,-0.02997841713672111,0.9881120609247345,-0.15078411574516412,0.06456965749745779,0.1524512409873167,0.9861994617987215
CQ500CT176,gpa,ok,5,13.139339563910823,-0.7323579825889969,4.884786791997087,0.9962865483272351,-0.08581807606704714,0.006954958113036433,0.08514541391370993,0.970035732241095,-0.22755424993821877,0.012781710044692477,0.22730142101542805,0.97374056703657
CQ500CT176,axis,ok,5,20.13475868697951,6.405454444940361,175.14885091781528,-0.9901974271733203,-0.11766498456171263,-0.07525959491938017,0.08403947022564158,-0.9322746054148495,0.35185427032051253,-0.11156353644238232,0.34208041672489625,0.9330244186674808
CQ500CT176,reference,ok,7,35.527322608141546,6.56410224674676,-4.165458706517713,0.9908203474473593,0.125366554023725,0.05057930620827469,-0.07216077806884323,0.8068636349723565,-0.5863138209761853,-0.11431474617385604,0.5772818217226419,0.8085034552281115
CQ500CT178,gpa,ok,5,-22.499668030996293,-5.269418865500261,6.521040944702635,0.9893314172251709,-0.07000603908125211,-0.12775954517525304,0.11308812446947827,0.9218957642268087,0.37056615604321347,0.09183911473445876,-0.3810608276808593,0.9199772946176277
CQ500CT178,axis,ok,5,-4.753472864219541,2.352359219832973,175.32823888576075,-0.9958377536739993,-0.07777712314154912,-0.04751723343532688,0.08137865914434829,-0.9935265881220979,-0.079261797420517,-0.04104488023360551,-0.08279877903862715,0.9957206837242669
CQ500CT178,reference,ok,7,-5.713968007246576,1.9175481204647484,-5.15979887976183,0.9953900288413043,0.08616896904651551,0.042114121821170705,-0.08988344209135724,0.9912988198187667,0.09616452913486238,-0.03346128092463558,-0.09950657565900262,0.9944741243891175
CQ500CT181,gpa,ok,5,-6.211968264277866,-5.507448829333942,0.7369395364629834,0.9953013965527048,-0.0024018211309574542,-0.0967954610273156,0.012802293737513754,0.994179724582164,0.10697091429351674,0.09597515978259216,-0.10770750431138609,0.9895392171206349
CQ500CT181,axis,ok,5,7.502421093831979,3.7595870292272973,168.42882463008826,-0.9775679878674258,-0.2072553098728983,-0.03749754160370229,0.2001534204089252,-0.9695723326259825,0.1409542482680794,-0.06557009528314368,0.13028709965188492,0.9893057334660804
CQ500CT181,reference,ok,7,9.939355821718234,3.742306968064897,-10.648528889712962,0.9806836076808146,0.1930822205946457,0.03128766076878947,-0.1843898045606522,0.9659469138433742,-0.18151297367005453,-0.06526914738394214,0.17223767220530448,0.9828906972156523
CQ500CT182,gpa,ok,5,-11.444283392645197,-9.503585588945361,7.847162312667697,0.9770395843316546,-0.10136317170054862,-0.18740106208832513,0.13465719654878217,0.9754128628823444,0.17446256429759172,0.16510932761855038,-0.19569173295383152,0.9666662586368042
CQ500CT182,axis,ok,5,-1.7352547123731326,-2.4697131616967916,176.17430531196888,-0.9968448562287258,-0.06799271873385644,0.04095513166270839,0.0666593898356018,-0.9972270238184462,-0.033087591525366875,0.043091279362260294,-0.03025315132978627,0.9986129823297616
CQ500CT182,reference,ok,7,9.31450368654769,-2.333063391374773,-5.045899968230143,0.9952988400475893,0.08023081636117668,-0.05425159081485806,-0.08788086430707004,0.9835699427275229,-0.15769312430039278,0.040708385973481934,0.16171946039050455,0.9859967765882595
CQ500CT183,gpa,ok,5,-14.551576117680106,-9.566438301240584,8.323891873124143,0.9757055597495019,-0.0988090127015048,-0.19553884443471728,0.1427555930584657,0.9637702294551392,0.22531707761844075,0.16619115898397374,-0.24775738904206782,0.9544615104081577
CQ500CT183,axis,ok,5,-3.233437744099971,-2.2116207114323427,175.70385914565983,-0.9964473845006869,-0.07696285193018312,0.034195457951501404,0.07485576058409031,-0.9954396140871499,-0.05913196947002063,0.038590478477437226,-0.05636216930529561,0.9976643127034682
CQ500CT183,reference,ok,7,5.953613356989233,-2.1021055124552217,-4.590051464228676,0.9961219935670964,0.07580179198482213,-0.04466611986510543,-0.07997199404129239,0.9917207509263511,-0.10047105230430231,0.03668043212632187,0.10365346358884547,0.9939368719315441
CQ500CT184,gpa,ok,5,-15.819111038710533,-5.9936564158724215,12.896157720353274,0.96944751259408,-0.18698551799698146,-0.15877007395775494,0.22196469976472732,0.9442114403701256,0.2433031605477568,0.10441835271399802,-0.2711109955969578,0.9568676165922437
CQ500CT184,axis,ok,5,-2.2203610229872086,0.07205966444449007,-179.36756572641477,-0.9999382904008898,0.011078272296058907,-0.0008290193484545565,-0.011037827504348872,-0.9991878006946705,-0.03875442306281428,-0.001257678070882159,-0.03874288097033732,0.999248421274704
CQ500CT184,reference,ok,7,3.2289307740685502,-0.36833279894843796,1.0201250172669631,0.9998208431269648,-0.01813737188111553,-0.005414553548640351,0.01780323178524726,0.9982477589520453,-0.0564309904681711,0.0064285758053969876,0.05632448391653675,0.9983918198406124
CQ500CT190,gpa,ok,5,-1.6332529554916049,-7.216325762247246,6.632297556915135,0.9854397757738691,-0.11189385588939765,-0.1280164572894826,0.11458223674327828,0.993317789967286,0.013808662404964105,0.12561591995306395,-0.028276017200264316,0.9916759085031944
CQ500CT190,axis,ok,5,7.937728490399737,-0.014254173498264156,173.4415388501956,-0.9934558020366016,-0.11308846233755468,0.016017774063223553,0.11421693178859928,-0.9839412013057998,0.13716488204237393,0.0002487822571289304,0.1380967489082468,0.9904187124889964
CQ500CT190,reference,ok,7,19.008005405433146,0.6135503041561416,-5.5263973166524485,0.9952948660113131,0.09452463679311665,-0.021289028410226337,-0.09629881973342132,0.9407425778449905,-0.3251614053781784,-0.010708268276060117,0.3256815857071006,0.9454188689262749
CQ500CT193,gpa,ok,5,-17.61513374009668,-9.202252125456287,9.098397473150333,0.9747101374400268,-0.10292948159813527,-0.19835742937834175,0.156095307776294,0.9487717107683111,0.27471165926475927,0.15991998893780845,-0.29872690314685796,0.9408442137115046
CQ500CT193,axis,ok,5,-7.965577919309552,-2.443433214462318,176.81093154741964,-0.9975436033539091,-0.060993111207530495,0.03444705782682054,0.05558043020722622,-0.9884891718850736,-0.1407123762998165,0.04263302928104167,-0.13845214859722227,0.9894510737591498
CQ500CT193,reference,ok,7,4.008901682030108,-2.1738269652173394,-3.581643810806437,0.9973285473280584,0.05967126367385231,-0.0421320421540338,-0.062425815340038354,0.9957704356659306,-0.0674111046698842,0.037931336169915286,0.06986114617760181,0.9968353093621416
CQ500CT197,gpa,ok,5,-7.0800163405739065,-5.247027183431455,9.3772753738972,0.9825025320183892,-0.15057120514433475,-0.10962247378542715,0.16225190625168298,0.9809502937519151,0.10682153390457802,0.0914499507662477,-0.12273888287504693,0.9882166124567203
CQ500CT197,axis,ok,5,9.657859175698587,1.5832591041620554,177.44938127624377,-0.9986279044135892,-0.04850193599123548,-0.019745144507592263,0.04448500326103613,-0.9846441843030297,0.16881029234939116,-0.027629567701815544,0.16770030567450792,0.9854507671442989
CQ500CT197,reference,ok,7,9.01436772183752,1.134977860810373,-2.0693524616179344,0.9991517856806309,0.03876468622617079,0.013892741737792137,-0.03610207788549391,0.9868929217436521,-0.1572863661752915,-0.019807805117079448,0.15665139678299947,0.9874553107570893
CQ500CT208,gpa,ok,5,-14.915745875956029,-5.950698166934613,10.818195135596023,0.9769349337658142,-0.15515807683662378,-0.14671096203196476,0.18668185485285463,0.9541405314182624,0.23402079260948916,0.10367265915699274,-0.25601136204714825,0.9610984144436419
CQ500CT208,axis,ok,5,1.5296840780780943,0.4187535693173055,178.9302080230308,-0.9997989913672318,-0.018858720912248415,-0.006806284347551184,0.018669808810710637,-0.9994657430745025,0.026826603577495754,-0.007308563472893118,0.026694139171108713,0.9996169305458347
CQ500CT208,reference,ok,7,2.1295406366480196,0.4138656261690014,-1.181782486935783,0.9997612091995833,0.020878640418513707,0.006450345266887542,-0.020623994924753756,0.9990912709436804,-0.037299908277184345,-0.007223255023283094,0.03715796951418405,0.9992832981134288
CQ500CT209,gpa,ok,5,-20.684355675349284,-7.8031559069267695,17.780677888986315,0.9434151035446817,-0.24002405426309753,-0.22881520006084174,0.30254654272819764,0.9054967368519751,0.29755881609127305,0.13577014357726935,-0.34994872899544976,0.926877745545483
CQ500CT209,axis,ok,5,-5.114897328993702,-3.5112975770569093,-176.46010850787775,-0.9962183753815442,0.056047790871756445,0.06638971072803805,-0.06162755549501992,-0.9944547014716073,-0.08521673030998408,0.061245350483648583,-0.08898590820693003,0.9941481354329057
CQ500CT209,reference,ok,7,-2.405849800924181,-3.6646024484033894,5.652231472218837,0.9931032662237272,-0.09573331514373778,-0.06768334350011126,0.09828873636586617,0.994525116284842,0.03548404405112348,0.0639157798932746,-0.0418918303516401,0.9970756478976025
CQ500CT211,gpa,ok,5,10.798348412315775,-24.936960088547508,-28.270045539557437,0.7986170487043264,0.3956709611176865,-0.4534923373630452,-0.4294725591049173,0.9025425579417942,0.031148869638502906,0.42162083735824185,0.16988649632060038,0.890715694188244
CQ500CT211,axis,ok,5,16.123271215810217,-12.074170466316701,138.76570426016832,-0.7353840285029344,-0.5895287789550571,0.33416485363747467,0.6445579887670705,-0.760730070498013,0.07638559390773353,0.2091777467594113,0.27156137174467143,0.9394142279297285
CQ500CT211,reference,ok,6,22.414883411574746,-7.495296369869445,-43.64293669055755,0.7174716506165095,0.6020236566704972,-0.3504310879056047,-0.6842649959216521,0.7033092231750699,-0.19271105820170698,0.1304448002718529,0.37805244795658133,0.9165481442216078
CQ500CT223,gpa,ok,5,-16.50357447554357,-0.678323305417728,16.853919750555775,0.956980002718227,-0.27476931601050236,-0.09322605524498678,0.28991226192579256,0.9185937273600734,0.2685822861616128,0.011838698513405077,-0.28405525348750066,0.9587348216183977
CQ500CT223,axis,ok,5,-2.767209301948089,4.0118202388712625,-173.7277053231138,-0.9915782074113139,0.11248370138113996,-0.06418781434636785,-0.10898595832066563,-0.9924857916788086,-0.05562386362538036,-0.0699622718033898,-0.04815984052389817,0.9963864261845508
CQ500CT223,reference,ok,7,2.8656570699697057,3.0110575903330243,6.725426155335191,0.9917476926372104,-0.11435695378169469,0.05795689148445996,0.11694978281996031,0.9921844352385896,-0.04350626125796194,-0.052528682137802006,0.04992528008988292,0.9973706452271456
CQ500CT227,gpa,ok,5,-11.781559840541087,-3.5764791202635093,14.662562078415982,0.9655492025334891,-0.23547112429880235,-0.11076139719415337,0.2526328805609144,0.9502766433822228,0.1820739649200602,0.06238080751671772,-0.20378334245878524,0.9770266036244296
CQ500CT227,axis,ok,5,0.06358404496916399,2.0838000676959942,-176.08762195975208,-0.997009817336376,0.06819052655606544,-0.03635211442121206,-0.06818570629852341,-0.9976717005957624,-0.0013737856205293232,-0.036361154979701424,0.001109016846671803,0.999338099188746
CQ500CT227,reference,ok,7,8.974406235723407,0.7513467800702253,3.2460479226498693,0.9983097362330081,-0.05388846529345863,0.021764738700401694,0.05661905305740645,0.9862891677641408,-0.1550095493251999,-0.013113099300457483,0.1559798411956965,0.9876731927957253
CQ500CT230,gpa,ok,5,0.703480249072655,-2.6368954517438814,16.987746483162724,0.9553546137123359,-0.29268536355618946,-0.04040841519454085,0.2918578178380495,0.9561301449939985,-0.025182533640739895,0.04600626289283996,0.012264737817674488,0.9988658568501071
CQ500CT230,axis,ok,5,19.85477410405399,1.5240742496176989,-173.96615969858078,-0.9941081825016961,0.08988410309942184,-0.06057862241077491,-0.10507864817259299,-0.9362953575372004,0.3351260675514614,-0.026596976922108197,0.339517085673606,0.9402237762119751
CQ500CT230,reference,ok,7,16.87874556459619,1.5901895577474356,5.92708859731325,0.994271047216508,-0.09080018256897544,0.05639513731190408,0.10322303762231287,0.9526377748911988,-0.28605292229650153,-0.027750480554584626,0.2902354159915473,0.9565528287205067
CQ500CT234,gpa,ok,5,-15.961895619943899,-10.31503424657893,11.721187447659151,0.9633228538656924,-0.14710246560903428,-0.22443249281643904,0.19986610621765194,0.9513998418822021,0.23429016294312335,0.1790603775419126,-0.2705535168469708,0.9459060078656251
CQ500CT234,axis,ok,5,-0.808946122499757,-3.83739142713734,179.13709856864529,-0.9976448527433157,-0.01600316191287757,0.06669817541401064,0.015026137552403824,-0.9997727067039882,-0.01512448743056855,0.0669250549870835,-0.014086651077222408,0.9976585604686627
CQ500CT234,reference,ok,7,1.8164214636394689,-4.289919708737242,-1.632362151666981,0.9967936311075883,0.02610183186911662,-0.0756382929237987,-0.028406430491453742,0.9991594478419304,-0.02955456808926266,0.0748032866262186,0.031608419151944636,0.9966972339425002
CQ500CT239,gpa,ok,5,-18.677557530732305,-16.267145200528333,11.314074917025083,0.9413105689007224,-0.0978932912889771,-0.32303454365811923,0.18833289311290188,0.946524686620684,0.2619575137104112,0.2801162870086676,-0.3074214064411055,0.9094102180062912
CQ500CT239,axis,ok,5,-6.6545527458997205,-9.184959103860104,177.93233391535347,-0.9865354639822069,-0.05432209933088679,0.1542623992737597,0.03561714137855155,-0.9919487971839045,-0.1215277869683533,0.1596220459254669,-0.11439708601922714,0.9805274647682631
CQ500CT239,reference,ok,7,1.6459787326912878,-9.56717023276377,-4.396849659029703,0.9831893339919439,0.07187262064703343,-0.16784832416740159,-0.07559791688449345,0.9970115651229601,-0.01590264046600635,0.1662037559359076,0.02832429014809485,0.9856845570974538
CQ500CT24,gpa,ok,5,-4.365491072469141,-3.6824119415263032,7.019731032497316,0.990454981298366,-0.11700444033795823,-0.07286213668604385,0.12195882128212777,0.9902221144178981,0.0677215625131374,0.06422597552959858,-0.07596133923877298,0.9950401494453999
CQ500CT24,axis,ok,5,5.123671927483822,3.19587213122578,175.10209272700337,-0.9947988776286089,-0.0899999527875382,-0.04769907302139904,0.08524774635858486,-0.991942170413611,0.0937206076373661,-0.05574957228214622,0.08916691680985518,0.9944552509474632
CQ500CT24,reference,ok,6,16.573522007458354,4.561302624753509,-3.8166244395384004,0.9946220382150459,0.08643203242404694,0.05706579420280437,-0.0663525924149102,0.9548188862205657,-0.2896864304663581,-0.0795256850128883,0.28434204453011813,0.9554188961579436
CQ500CT243,gpa,ok,5,-13.402087512148816,-7.674133334613788,12.819714009718206,0.9663399112264055,-0.18566101148202782,-0.1780931351467929,0.2198967237940193,0.9553870943226581,0.19718248113451867,0.13353878401273636,-0.22970739826391842,0.9640549280757924
CQ500CT243,axis,ok,5,-2.458728499427368,-1.5087273208552683,-179.05657983056042,-0.9995178150602567,0.015320522779156388,0.027007757384566358,-0.016459336155282465,-0.9989625467743305,-0.0424608101132207,0.02632921629098861,-0.042884865907647694,0.9987330277134052
CQ500CT243,reference,ok,7,7.67718660674865,-1.9790676034418617,0.40274585433626525,0.9993788202007304,-0.01157956569062218,-0.033284942430648924,0.007024990486800956,0.990979557555168,-0.13382886839700758,0.0345343776960785,0.1335119102034713,0.9904453274113442
CQ500CT244,gpa,ok,5,-8.257117789618448,-7.196977775886517,10.152325741630795,0.9765872852942585,-0.15672793198144488,-0.14735545303248815,0.17487701365767314,0.9773099034976271,0.1195131064763694,0.1252809015603106,-0.14248406178333606,0.9818365382495998
CQ500CT244,axis,ok,5,2.101081656883308,-0.5332630192238629,178.02117531972303,-0.9993603710864205,-0.034165908529256876,0.010561221348991304,0.03452864485901138,-0.9987435420353962,0.0363195529541763,0.009307061094255529,0.03666098657921525,0.9992844193105516
CQ500CT244,reference,ok,7,12.728359074956233,-0.7018655235012463,-1.9515944530589993,0.9993449695867421,0.030520910282485575,-0.019444942715280113,-0.034052607716363724,0.9749517311309441,-0.2197943171978984,0.012249557926207154,0.2203124962418234,0.9753524246805917
CQ500CT259,gpa,ok,5,-11.42509101279772,-8.484540886807105,6.1554357484304125,0.9833534700791411,-0.07604363858752401,-0.16502520387407807,0.10605256603103926,0.9776672408939674,0.18143764582084085,0.14754255698456314,-0.1959186849515558,0.9694570969183264
CQ500CT259,axis,ok,5,3.4462225451417177,-0.543373495688068,174.04685169365175,-0.9945623104751138,-0.10296064362897363,0.01564980657742982,0.10371052760862975,-0.9928675732429444,0.058805683958322766,0.009483514408863296,0.06010896660377707,0.9981467703140069
CQ500CT259,reference,ok,7,5.337799918700039,-0.7458848230717174,-6.225367183937777,0.9940188156186438,0.10676538317547059,-0.022972748018106386,-0.10843030777476587,0.9899234856844138,-0.09107338165616409,0.013017778304227344,0.09301959710628042,0.9955791741505079
CQ500CT260,gpa,ok,5,-25.532193383973098,0.7943629184888857,12.925292779627886,0.9745688751356707,-0.20766064007897952,-0.08421737456595184,0.2236588977641675,0.8781435529083561,0.4228954929251512,-0.013863804229393657,-0.43097675000802216,0.9022565244346042
CQ500CT260,axis,ok,5,-9.551900262413366,6.260126806247177,-177.3560015718304,-0.9929788690021801,0.06356590380351008,-0.09976142334988052,-0.04585503153453934,-0.9842511843949591,-0.17072469680771704,-0.10904256874320958,-0.16495145313322768,0.9802554444179941
CQ500CT260,reference,ok,7,-7.8459698275453365,5.833334794535984,2.995798789431865,0.9934621920655053,-0.06562877179911303,0.09341165477894965,0.051992101920032736,0.9885596904580115,0.14158587408176593,-0.10163510355353923,-0.1358035445549957,0.9855088548622792
CQ500CT28,gpa,ok,5,-29.96314977465103,-6.461108678464966,13.61943531198445,0.9657082466997997,-0.14937886973976947,-0.21235238527331896,0.2339761917488118,0.8552200698314348,0.46244326554966747,0.11252876943574211,-0.4962706775871268,0.8608441732488475
CQ500CT28,axis,ok,5,-18.188444246040707,-0.830905445207471,-178.49037732867552,-0.9995477983483549,0.02050353477310798,0.021995542247560382,-0.026342067453773613,-0.9498245337687758,-0.311672023982244,0.014501527478755567,-0.3121104934357953,0.9499351270418667
CQ500CT28,reference,ok,7,-9.788998680139143,-1.2774015487703467,1.6594073268465233,0.9993322111363356,-0.024747783995414243,-0.026882689089456485,0.02895087606387796,0.9851370537962678,0.16931282294245945,0.022293015957874415,-0.16997803512491538,0.9851956602698652
CQ500CT280,gpa,ok,5,-26.486651122716374,-6.432511399003414,10.429712248848105,0.9772862496642424,-0.11288815544502932,-0.17935398121429677,0.17988951037909912,0.889295426401608,0.4204680827800709,0.11203280891224396,-0.443181575588832,0.8894035871221977
CQ500CT280,axis,ok,5,-8.401500614995705,0.19359413569008518,179.01739496144867,-0.9998472401303328,-0.016471212337219206,-0.005847697657936678,0.017148754635514636,-0.98913149836425,-0.1460301309940686,-0.0033788486511407826,-0.14610810418260908,0.9892628595443965
CQ500CT280,reference,ok,7,-10.023510936126431,0.10400406389770081,-0.8588332438768609,0.9998860127162873,0.01444421572715701,0.004396158135323671,-0.014988881827364756,0.9846305251094829,0.174005926462833,-0.001815212353615094,-0.17405198549471051,0.9847347923930889
CQ500CT282,gpa,ok,5,-2.7786394132740804,-4.3906877812058145,14.985959648657055,0.9631542436604189,-0.25469325687384303,-0.0864016656200663,0.2578234515196417,0.9658131601498425,0.027055637635697374,0.07655697724849207,-0.04833512785097154,0.9958929383473931
CQ500CT282,axis,ok,5,7.319989748937921,1.336613747662011,-175.84212493773484,-0.9970966772086114,0.06894983776219239,-0.032313095984651444,-0.07248520492265403,-0.989455040131738,0.12539784138980067,-0.023326194864718108,0.1273759923630356,0.9915801758822456
CQ500CT282,reference,ok,7,19.295654031163842,0.4192764087495377,3.4575480707500343,0.9981530309860172,-0.054507507430243136,0.026822721099271144,0.0603073641313176,0.9422538578466839,-0.3294247853525492,-0.007317688498423559,0.33043395558989164,0.9438007482664216
CQ500CT283,gpa,ok,5,-9.655638744768028,-1.6554978997485101,11.20568440857659,0.9805264381898104,-0.18682548779504107,-0.06053214948231446,0.19425055852083856,0.9679812270940624,0.15899391343009023,0.028889868901512912,-0.16765613947487207,0.9854221401872576
CQ500CT283,axis,ok,5,7.796780275685058,4.528726969340789,-179.34594811751023,-0.9968129195138763,0.00059872238105059,-0.07977245778921911,-0.011379471453134784,-0.990813186871706,0.13475806599451115,-0.07895892045658683,0.13523634959819109,0.9876621986426767
CQ500CT283,reference,ok,7,6.821643914245038,4.177238681194617,0.38341809395616194,0.9973211618781238,0.0020074257644966368,0.07311956175928322,0.006674081238312414,0.9929563756946358,-0.11829240299782272,-0.07284199825439994,0.11846352269443466,0.990283008579432
CQ500CT285,gpa,ok,5,10.412130012428133,-6.433817731805165,19.772786202083,0.935114829994971,-0.351777925387598,-0.042574005372696684,0.3361604192230718,0.9186947431704336,-0.20735510945906388,0.11205546515563397,0.17958914243630988,0.9773388934488105
CQ500CT285,axis,ok,5,26.590883479228623,-2.449804492089631,-171.71331313612558,-0.9886548990580918,0.14781461241477734,-0.02668952837918941,-0.14399454891335012,-0.8821315677214384,0.44845230193696006,0.042744127686446275,0.4472077119035256,0.8934081944790624
CQ500CT285,reference,ok,7,28.361881380303828,-2.9472813741019634,7.644621709089372,0.9898012621339168,-0.14126825471535373,0.018350522820459528,0.13285234359060039,0.8688946604900147,-0.4768357408735503,0.051417081603211616,0.4744105281100117,0.8788008503283257
CQ500CT298,gpa,ok,5,-30.19773113873165,-6.266449790217377,11.795031858605356,0.9730363188234156,-0.12292871589521369,-0.19516365711610253,0.20318982473810973,0.8572678272470241,0.4730811426067025,0.1091522669186221,-0.4999804027914701,0.8591305951082204
CQ500CT298,axis,ok,5,-19.398977634652976,-0.24614062953640653,179.7209848084348,-0.9999789153385114,-0.0060201127136526485,0.0024345679964133766,0.004869669572881472,-0.943210452300306,-0.33216009542042124,0.004295951194461465,-0.332141236395554,0.9432198809869136
CQ500CT298,reference,ok,7,-8.756663864240245,-0.506778007685405,0.0033264301911842087,0.999960882045413,0.0012891417034018146,-0.008750570988767728,5.8054888161820135e-05,0.9883438873733823,0.15223783012544095,0.008844829483425536,-0.1522323829063355,0.988305150541101
CQ500CT301,gpa,ok,5,-4.9979681414305785,-5.8058318792537795,7.149241495930866,0.9871356434152316,-0.11523669407401435,-0.11083197119102954,0.12381586867070635,0.9895494957977017,0.07390146163530116,0.10115756108425893,-0.0866735236701934,0.9910877096049961
CQ500CT301,axis,ok,5,5.556822461632513,1.3056374319895776,175.40192430189293,-0.9965227792377862,-0.08198802571356308,-0.014842981499363075,0.08014463388677974,-0.9919204733766986,0.09833927066691231,-0.02278569988726165,0.09680773799515366,0.9950422472161217
CQ500CT301,reference,ok,7,15.595239593203603,1.4530577180979882,-4.40718162994804,0.9967225151869562,0.08081204330455598,0.003693423388955644,-0.07681929094354584,0.9598130299496285,-0.2699217369495173,-0.025357922989045694,0.2687533463900608,0.9628751811869622
CQ500CT303,gpa,ok,5,-21.131730176413893,-13.531498443739135,12.265066554839722,0.9500502962290392,-0.11572170551013669,-0.2898498257873189,0.20653775807715025,0.9293836515557057,0.30592185719468845,0.2339798904256057,-0.35050608424791707,0.9068621150878527
CQ500CT303,axis,ok,5,-5.879235064446591,-7.1578658899459,178.15358612617842,-0.9916914342519403,-0.04480771980897903,0.120583446114505,0.03196931724074547,-0.9938122816836845,-0.10637251303710743,0.12460361947588149,-0.10163373957593533,0.986987599209494
CQ500CT303,reference,ok,7,-3.1096137796593437,-7.125846413013345,-1.6770303601440442,0.9918510609089773,0.03594876147286247,-0.12222585455746424,-0.029039477756000066,0.9979029518982445,0.05784814019851928,0.1240491100548244,-0.053827364242882904,0.9908150347836218
CQ500CT306,gpa,ok,5,-9.012736757015002,0.4509008337031682,4.650392553613636,0.9966770926809988,-0.08130332950601941,-0.004953941480038596,0.08107306556493944,0.9843021922215771,0.15676846758101792,-0.007869622916953806,-0.15664917171512033,0.9876229574266241
CQ500CT306,axis,ok,5,0.6996581683093449,7.824071871429852,173.9766374521859,-0.9852213199247479,-0.1065792836052809,-0.13408880293269237,0.10395711599418006,-0.9942306121827096,0.02642740685287209,-0.13613180671654188,0.012097359421780312,0.9906168709925701
CQ500CT306,reference,ok,7,11.411424371692139,8.252849986581259,-4.623867570955084,0.9864233357259984,0.10732826662862975,0.12429660461045872,-0.07977932316865823,0.9747520111978732,-0.20855161533887095,-0.1435418487060332,0.1958038810856295,0.9700807068599288
CQ500CT307,gpa,ok,5,-18.42364552301391,-7.223114700641022,6.859947700268286,0.9849619508217308,-0.07386845666511402,-0.15618388695177673,0.11849493658290866,0.9466999564913079,0.2995298689339172,0.125733469838638,-0.3135325238141511,0.9412164740765355
CQ500CT307,axis,ok,5,-7.121656236880191,-0.021036894491351803,175.01315317534147,-0.9962146127064386,-0.08630176588661728,-0.010413963463163058,0.08692704194578509,-0.9885250751779461,-0.12353892149032161,0.00036716306501928265,-0.12397653386543611,0.9922850821422219
CQ500CT307,reference,ok,7,1.2513561230277483,0.29060242285718124,-5.147122215700423,0.9959548079831744,0.08980237015283667,0.0030910791209305187,-0.08971229461621281,0.9957201536555161,-0.022205400219977814,-0.00507194734720061,0.021838267311498558,0.9997486511273415
CQ500CT310,gpa,ok,5,1.1930505435438328,3.6049979135712844,19.04341612159475,0.9434011448767284,-0.32497626419400083,0.06621712433947106,0.32563889529595164,0.9454938504078886,0.0008298863158341254,-0.06287757720928988,0.020779955519104495,0.9978048926182481
CQ500CT310,axis,ok,5,12.861502578131768,8.412002865623052,-170.74000565547462,-0.9763502196260223,0.12473839394447434,-0.17658024156844682,-0.15918356151763985,-0.967446188908891,0.19674467034260998,-0.14629026754633298,0.22020037384576716,0.9644226008236259
CQ500CT310,reference,ok,7,23.302210265434915,6.007043115893757,10.329621246937743,0.978390501369178,-0.12395779284470991,0.16548864741618002,0.17832625929966517,0.9109686994820504,-0.3719351742013254,-0.10465071464045214,0.39340881301395597,0.9133880521269114
CQ500CT317,gpa,ok,5,-25.774892033665832,-5.146816184703952,13.093355873214701,0.9700751617501577,-0.1660056859564728,-0.17718999064711966,0.22562498127704977,0.885935078650561,0.40523129721204415,0.08970812883533145,-0.43308330451143684,0.8968786445078942
CQ500CT317,axis,ok,5,-11.556399641085486,0.6214849197475316,-178.5859412600213,-0.9996366549732143,0.026349506383593922,-0.0056799249382398454,-0.024676023751703517,-0.9793759954243191,-0.20053367158267893,-0.010846745399817387,-0.20032065070772237,0.9796703450723954
CQ500CT317,reference,ok,7,-7.016732725066709,0.1351774106295707,1.5501204713435588,0.9996312616567636,-0.02713690801837507,-0.0009638162214995373,0.027051330380067632,0.9921395065853819,0.12217784167836342,-0.0023592887010718024,-0.1221588625344762,0.9925077561717631
CQ500CT320,gpa,ok,5,-22.28839282091262,-6.43346543244695,15.513990631447587,0.9574972553278601,-0.20654134366079496,-0.20134467809805204,0.2657892926029751,0.9029406907809182,0.33771905612459635,0.11204935509508718,-0.37688032887227146,0.9194597107714417
CQ500CT320,axis,ok,5,-11.484109282715213,-0.6217233663272176,-176.5818804625111,-0.9981622545383374,0.0562718930614322,0.02248527665442461,-0.059618549427581775,-0.9783654044566765,-0.19810796028043592,0.010850906832807254,-0.19908442785312597,0.9799222665126551
CQ500CT320,reference,ok,6,-1.2152003195781866,-1.5820905435990742,2.9156269679895694,0.9983248086030343,-0.05026912288603004,-0.028645973748222267,0.05084594077673597,0.9985106876880264,0.019776169480277283,0.027609180253011553,-0.021199572095992984,0.9993939720193952
CQ500CT321,gpa,ok,5,-10.308942888634297,-5.512399070690984,17.609246781620474,0.9487339890670856,-0.28125493913306904,-0.14422023853159358,0.30112467816112554,0.9429559947235241,0.14197859070059704,0.09606115859812739,-0.17812818762964736,0.9793072054164427
CQ500CT321,axis,ok,5,0.837063409239406,-0.1903527455615629,-175.37970725053214,-0.9967449106207985,0.08059173486468658,0.0021343437016260055,-0.08055150919417864,-0.9966401316198998,0.014829106891820001,0.0033222760386163,0.014608912217168332,0.9998877647845055
CQ500CT321,reference,ok,6,11.175573103225414,-1.234935819898236,5.0316786409986145,0.9959149808929086,-0.09020445314683168,-0.004062938045039193,0.08768615028572137,0.9768909434742993,-0.19492363531897067,0.02155202730943612,0.19377110514825013,0.9808100065397372
CQ500CT322,gpa,ok,5,-7.833353746999084,-11.260113724202306,4.805563429200546,0.9773032236789544,-0.05647352221698218,-0.20417921117276264,0.08216201083501042,0.989415685102088,0.11960771734931284,0.1952634450230539,-0.133668782303025,0.9715991167530749
CQ500CT322,axis,ok,5,3.3962033449785056,-3.4190378406120745,171.9233306378782,-0.9883186722756575,-0.13675340884520001,0.06726594383861029,0.14024800895859682,-0.9888385018242378,0.05028830175245679,0.059638058439480196,0.05913478231307159,0.9964669485268213
CQ500CT322,reference,ok,7,11.308835893889158,-2.5384536578239763,-8.460941913074643,0.9881457956633332,0.1356878553406113,-0.07181011367449747,-0.1469907918758232,0.971190022452475,-0.1875730454848983,0.04428988165029719,0.1959049417493764,0.9796222027810394
CQ500CT327,gpa,ok,5,-14.496086769722107,-5.098756722775676,10.79772107258714,0.9784077570864658,-0.1595259618545239,-0.1314143385153227,0.18660092980954968,0.9551907224946155,0.22976243525525994,0.08887268347046978,-0.24932338669808962,0.9643337051965742
CQ500CT327,axis,ok,5,2.793025421414831,1.2834516197329748,178.8467808714626,-0.9995466203777198,-0.02119342478870682,-0.021386735075836678,0.020121062593535653,-0.998587799815068,0.04916857635328452,-0.02239858324951861,0.04871596048757713,0.998561494682319
CQ500CT327,reference,ok,7,1.9049991828351003,0.9355216245626582,-0.8433950784284515,0.9997583791585002,0.015254050716547344,0.015827104571145088,-0.014717527358311881,0.999331052517743,-0.03347897642159726,-0.016327207073663936,0.033237951358612905,0.9993140952166422
CQ500CT331,gpa,ok,5,6.21235215982301,-9.194508238815633,12.245198058350326,0.9646927863756415,-0.22774797191022433,-0.1322826111232285,0.20937067550933391,0.9678427780619832,-0.13944273803259727,0.15978657062333118,0.10682330384350634,0.9813546930668815
CQ500CT331,axis,ok,5,21.8989445072639,-2.9820566576971754,179.7963355505711,-0.9986395667729825,0.01610489253219839,0.04959483957022399,0.003549794346058144,-0.9279062336076783,0.37279675507186677,0.05202321246876828,0.37246564146044275,0.926586710079467
CQ500CT331,reference,ok,7,23.436719419071732,-3.528874190277269,-0.7465903035761848,0.9980191720250239,-0.012524077341361337,-0.06165127539016131,-0.013005383945345755,0.9177410168626969,-0.3969663536828494,0.06155154148289098,0.3969818301315192,0.9157602493483266
CQ500CT332,gpa,ok,5,-19.76701172960868,0.5419110774632392,4.82179666515775,0.9964163846103341,-0.08229126238037908,-0.019558543297347807,0.08405316696050272,0.9374762635898688,0.3377474209072357,-0.009457991540515466,-0.3381810215571289,0.94103355044047
CQ500CT332,axis,ok,5,-9.713641843145593,7.938578511599643,174.28769532372257,-0.9854985002772805,-0.07491945548888458,-0.15224907599220389,0.09857958330287692,-0.9830881352907157,-0.15433659321902457,-0.1381114466909314,-0.16710713162481294,0.9762174116727613
CQ500CT332,reference,ok,7,0.9143439687331949,8.308557326379919,-4.152328279115725,0.9869068369149543,0.07469904699641677,0.14295085738933544,-0.07164839526106337,0.9970811018258046,-0.026377714805351372,-0.14450398855060523,0.0157901475504553,0.9893782231954074
CQ500CT335,gpa,ok,5,-14.302109988780316,-8.118053763199665,12.56697604270484,0.9662616181878271,-0.17678834858297854,-0.18730820863578065,0.2154003790301908,0.953381702194673,0.21134333827693347,0.1412131790262226,-0.24455921517230036,0.9592964236061846
CQ500CT335,axis,ok,5,7.7909656702987835,-1.6588097676170102,-179.7504241297569,-0.99957144600365,0.008239785614461132,0.02808968257563413,-0.004354081460275784,-0.9907427350682666,0.1356829940858024,0.028947647724978393,0.13550254183032256,0.9903540250075789
CQ500CT335,reference,ok,7,-0.2736170425723415,-2.3824105935805,-0.23179131483903131,0.9991274625142436,0.004243975253084448,-0.04154879449393795,-0.004042013803090765,0.9999796111320121,0.004943626673299597,0.04156892799031396,-0.00477137237286516,0.9991242456428606
CQ500CT337,gpa,ok,5,14.837764113554469,-5.279823790889711,15.81456332686456,0.9580665153696144,-0.2861102057617947,-0.015795641375617293,0.27136853478899303,0.9236437479288151,-0.270631382582447,0.09201994595737745,0.2549964256042723,0.9625534543468461
CQ500CT337,axis,ok,5,23.521317732931948,0.30882510917609524,-176.29267597696963,-0.9978928653652398,0.057140797224220434,-0.030736924793020766,-0.06465893034330268,-0.9151319747947702,0.3979355367833893,-0.005389988869304467,0.39908444971059037,0.9168983313427852
CQ500CT337,reference,ok,6,37.18439931398117,-0.6601565158192334,2.9920751058834067,0.9985704781519275,-0.04853971181910582,0.022380718039174925,0.0521943650995514,0.7952449496274216,-0.6040374312440691,0.011521649850850878,0.6043420939075791,0.7966416290378736
CQ500CT339,gpa,ok,5,-23.921289134356382,-0.5862175310511901,9.219783770765352,0.9870293361475273,-0.14236451004340306,-0.0741986244095756,0.16021364223401233,0.9029587485126104,0.398744388457884,0.010231247542864665,-0.40546004089754867,0.9140555107919183
CQ500CT339,axis,ok,5,-12.74451771790818,6.251416081190898,178.6369579028066,-0.9937723712815921,0.0008138121879889093,-0.11142626165803136,0.023645880729293838,-0.9756588626475585,-0.2180152656623122,-0.10889144319870778,-0.21929231962609916,0.9695635781892322
CQ500CT339,reference,ok,7,-3.4624558117755493,5.555574166951895,-0.950628835865683,0.9951657733716647,0.010714499927580176,0.09762316836119815,-0.01651291084013687,0.9981342055005266,0.058782919163811446,-0.09681119400752498,-0.060110791885778704,0.9934859261276437
CQ500CT340,gpa,ok,5,-13.885416496409757,-11.616907370219025,13.256909591068323,0.9534133509861541,-0.17558008092494215,-0.24530515148227736,0.2246203991755892,0.9559895433848208,0.18875822952411986,0.20136697454039287,-0.23506515718258228,0.9508920619308884
CQ500CT340,axis,ok,5,-1.705452377644084,-5.36664213513606,-179.1830673534403,-0.9955153858128298,0.011468107605921362,0.09390207195728834,-0.014195184033807637,-0.9994951184577006,-0.028425427516106355,0.09352867667287439,-0.029630907633180804,0.9951755603674434
CQ500CT340,reference,ok,7,6.402776573989328,-5.947617541116473,-0.7245210248370145,0.994537524405176,0.0010116819721576727,-0.10437475293198056,-0.012576873231467807,0.9938291806059896,-0.11020608892319529,0.1036191816689572,0.1109167988882425,0.9884131367574193
CQ500CT344,gpa,ok,5,3.315008167245876,-7.7370160033681215,11.473109842762703,0.971096501414518,-0.2062044673443189,-0.1202135707303014,0.19709723965131723,0.9768298363585832,-0.0834035306296719,0.13462638323268836,0.05729911384052218,0.9892383678824718
CQ500CT344,axis,ok,5,17.488151065440476,-1.2482124115467204,179.31715168892208,-0.9996917061133807,-0.004821102601252362,0.024356717714549742,0.01191484121214005,-0.9537893970448499,0.30023960871895516,0.02178369314435807,0.3004372531070839,0.95355279227658
CQ500CT344,reference,ok,7,21.16760576992395,-1.6738142032872343,-1.1698033267889352,0.9993649849076721,0.008492783965021082,-0.03460490660313444,-0.020406790207569987,0.9325490852838554,-0.3604660406330518,0.029209413789263255,0.3609433143261809,0.932130213001016
CQ500CT345,gpa,ok,5,5.789396103236634,-1.3646727029671368,21.33785769529244,0.9311868161305024,-0.3642484881435862,0.014633945122488331,0.3637635524485048,0.9258259099261664,-0.10257905448691021,0.02381577995321815,0.10084355901343639,0.9946172053763817
CQ500CT345,axis,ok,5,14.958156886888936,2.739237525425326,-170.8441144895552,-0.986131011012968,0.14155100411883045,-0.08665415368862946,-0.15893928685300238,-0.9557682065662064,0.24747815744399843,-0.047790503378817795,0.2578186349939978,0.9650106834831575
CQ500CT345,reference,ok,7,29.097105114368517,-0.002370018615801773,10.60143267200749,0.9829307483265977,-0.16077734860318543,0.08943035374102788,0.18397592854252193,0.858878036775283,-0.47799725486863737,4.136462816750341e-05,0.48629123179548084,0.873796793406683
CQ500CT347,gpa,ok,5,-0.8356201771783324,-9.744780402690491,6.418931861539679,0.979392967443092,-0.10933242429488288,-0.1698111784330398,0.11018422105699738,0.9939013164493348,-0.004428384619917754,0.16925971981861687,-0.014373383668534764,0.9854666676701147
CQ500CT347,axis,ok,5,9.196978919270817,-2.3681321462818974,174.34353404752346,-0.9942808723618678,-0.09072462682573623,0.056343490685739905,0.09847948887300632,-0.9829889639679135,0.15503060016848239,0.04131993618865576,0.15969263854235524,0.9863016394940983
CQ500CT347,reference,ok,7,19.482749937558836,-1.6879896064809052,-6.459389465693282,0.9932206546845074,0.09629535733523743,-0.06511478529302654,-0.11245013589183943,0.9378625191508607,-0.3282816810452696,0.029456714786018627,0.3333783126234821,0.9423328512931802
CQ500CT350,gpa,ok,5,-14.046805731577498,-9.245511035984226,6.900556474208448,0.9798592371771725,-0.07784053538307026,-0.1838932472111126,0.11858565272630693,0.9677557600263527,0.22223013275272255,0.1606652367067815,-0.23956134910935425,0.9574951914902028
CQ500CT350,axis,ok,5,1.4067148003143708,-1.5998467077118472,175.10824807926406,-0.9959691917493192,-0.0845648968510911,0.029902296011713507,0.08524025174754128,-0.996115745266715,0.022079889351007225,0.02791896431144249,0.024539768790705026,0.9993089267986528
CQ500CT350,reference,ok,7,3.5910162403201897,-1.8779394073668745,-5.637730133462287,0.9946284299438053,0.09600275467529464,-0.03870087133743035,-0.09818548776261764,0.9934106210688363,-0.059118084715646536,0.03277035764739231,0.06260039171111227,0.9975005236175457
CQ500CT351,gpa,ok,5,-7.758023334403387,-9.620854825906196,8.444633675856197,0.9752459903409362,-0.12319357184737786,-0.18362625678102937,0.14478817523131585,0.9834175642111896,0.10920750301200245,0.16712762380023657,-0.13309109007148326,0.9769110087958224
CQ500CT351,axis,ok,5,5.372423141820973,-2.57247924861138,175.80681702364856,-0.9963181252404686,-0.06860721169875117,0.05141248700695896,0.07304584994666555,-0.993249362521714,0.09011108508822864,0.04488314965426561,0.0935347761697835,0.9946038148549308
CQ500CT351,reference,ok,7,10.438285130991733,-2.4435659547151616,-4.223248039806778,0.99637784772712,0.0647205726917793,-0.05515824534120737,-0.07357589283677847,0.9813490986606732,-0.17759654994159277,0.042635343928994034,0.1810115853428554,0.9825563767131752
CQ500CT362,gpa,ok,5,-29.27044368236392,-4.536680855543016,15.490396036825844,0.9606559432989605,-0.1957084552206423,-0.1970745015458205,0.266240069310518,0.8509634576402046,0.45274431995836123,0.07909730777917999,-0.4874006507137413,0.8695885357948941
CQ500CT362,axis,ok,5,-13.008513822043888,0.46317473677059606,-176.50583714458094,-0.9981083987128979,0.06119900527207546,0.005857147128359999,-0.06094486042588355,-0.9724144469921727,-0.2251574277446259,-0.008083836121814328,-0.22508848267873532,0.9743047914071552
CQ500CT362,reference,ok,7,-10.86176538262174,-0.025476945389703704,3.7721659223253643,0.9978334475212068,-0.06452692087855047,-0.012833062373244466,0.06578915783380145,0.9799625526365902,0.18800314396705634,0.00044465656574824207,-0.18844010165543804,0.9820845841212592
CQ500CT365,gpa,not_enough_points,0,nan,nan,nan,nan,nan,nan,nan,nan,nan,nan,nan,nan
CQ500CT365,axis,missing_required_landmarks,0,nan,nan,nan,nan,nan,nan,nan,nan,nan,nan,nan,nan
CQ500CT365,reference,not_enough_points,0,nan,nan,nan,nan,nan,nan,nan,nan,nan,nan,nan,nan
CQ500CT376,gpa,ok,5,-1.5451254372952148,-7.2414868998437525,10.510823588724167,0.975377992768626,-0.17901308217208275,-0.12881027767183592,0.1809662175829507,0.9834829930673823,0.003525683046261646,0.12605157403366452,-0.02674918238888321,0.9916629880786926
CQ500CT376,axis,ok,5,6.6540949806909495,-0.5711711880634593,179.08891269247775,-0.9998238922665768,-0.014638720906635193,0.01174275534660801,0.015900013081988438,-0.9931565997883491,0.1157028862251827,0.009968652712641054,0.11586922001576871,0.9932144530845451
CQ500CT376,reference,ok,7,21.19715451605187,-1.5481701467222562,-2.003522800226649,0.9990238665105526,0.022832622717281214,-0.037815148844822996,-0.03494818164175682,0.9321133295371745,-0.3604765810688075,0.0270173785227323,0.3614462784965039,0.9320014211463346
CQ500CT38,gpa,ok,5,-15.476230822622863,-4.414279475382495,10.89276558793158,0.9790696287776617,-0.1619517201795216,-0.12326517081505974,0.188410890417411,0.950258181949675,0.24801355610090625,0.07696751507805272,-0.26604704089426184,0.9608823932480586
CQ500CT38,axis,ok,5,0.7811716175941809,1.9204978703186286,179.28458754962713,-0.999360381462322,-0.01294168126732582,-0.03333677923041442,0.012478964827261218,-0.9998234077813904,0.014050931970784476,-0.03351273489768359,0.013625936238753793,0.9993454009807095
CQ500CT38,reference,ok,7,0.7831208830671603,1.4293237310972071,-0.488687692372926,0.9996524924035407,0.008869219192414308,0.024824008183741277,-0.008526452040980605,0.9998673159741538,-0.01387984373957367,-0.024943817810880536,0.01366335967319276,0.9995954774584859
CQ500CT381,gpa,ok,5,-6.253026646106597,-4.525456338199115,6.864953647039401,0.9897353683869644,-0.11028609552709805,-0.09088937065084302,0.1191569240567791,0.9879511125006539,0.09876348899287585,0.07890201526732683,-0.1085798159977568,0.9909515101883882
CQ500CT381,axis,ok,5,3.3196343233427257,2.1824824109578627,175.0281257981432,-0.9955146975263139,-0.08871818965576125,-0.032856808020498965,0.08660384497989623,-0.9943745897794969,0.06098318813866283,-0.0380822930479462,0.05786413418570971,0.9975978553160328
CQ500CT381,reference,ok,7,14.108269050271133,2.7657309723793526,-3.9078275015671107,0.9965128619062631,0.07783033122419014,0.03007583077689843,-0.06807220474036003,0.9667803714172124,-0.24637753222277212,-0.04825236778826805,0.24347105163433588,0.96870715699787
CQ500CT398,gpa,ok,5,-19.472993409555333,-7.4636809562243185,12.179967485869819,0.9692078423278573,-0.1565862875014451,-0.19004444989710467,0.20919547163008959,0.9307122686690414,0.30001987867204466,0.12989770213380486,-0.3305380575901041,0.9348107720094574
CQ500CT398,axis,ok,5,-5.084415057333322,-1.6229641906715306,-179.8144092876717,-0.9995935997391862,0.0007164153094399203,0.028497756219743157,-0.003237863916257961,-0.9960681134625838,-0.08853151744067794,0.028322280941253733,-0.08858781006545803,0.9956656307767638
CQ500CT398,reference,ok,7,-0.6505427269926186,-2.2639993193772394,-0.0747488916773175,0.9992185635531232,0.0017530522026260455,-0.039486568080894804,-0.0013035955384258127,0.9999341066537408,0.011405392990029068,0.03950396042809467,-0.011345005886277654,0.9991550069693571
CQ500CT400,gpa,ok,5,25.2030312049205,-5.827951516613222,4.516018297062661,0.9917426973217075,-0.11434726378642605,-0.05806139486457671,0.07833083002805273,0.8985908745913361,-0.4317391818775462,0.10154163370844038,0.4236261835223765,0.9001278538397125
CQ500CT400,axis,ok,5,30.358810235711783,1.0170272544069638,171.72624732405805,-0.9894359192623736,-0.133048009617417,0.05757420264550215,0.14388021208757507,-0.8526053141665111,0.5023571068718542,-0.01774954205200951,0.5053339543231474,0.8627412986319104
CQ500CT400,reference,ok,6,47.78278925598484,3.464930514453189,-8.078932050747055,0.9882655211881347,0.13874901160263825,-0.06387465389365879,-0.14028028061202064,0.6589838397986348,-0.7389599053775923,-0.06043759179646797,0.7392489503973193,0.6707147581754148
CQ500CT407,gpa,ok,5,-8.033235800586043,-10.83822021896653,10.799788419191325,0.9647659257071906,-0.15972677746726574,-0.20907908827587335,0.1840352507704696,0.9775727620705492,0.1023841849682206,0.18803652588845143,-0.1372546954303534,0.972524248291076
CQ500CT407,axis,ok,5,1.4235537306338695,-3.90761221685954,178.12904913239038,-0.9971433702381562,-0.030946269277945204,0.06890157913914732,0.03257254986797867,-0.9992136973187881,0.02260566490098419,0.06814784064949761,0.024785389008334123,0.997367312631869
CQ500CT407,reference,ok,7,14.245745135789281,-4.1515412437532415,-2.9225587457619877,0.9960788357086797,0.031626483905200314,-0.08262395880756654,-0.05085237184181357,0.9688968597824933,-0.24218363153129205,0.07239467750672197,0.2454356139997146,0.966705937733539
CQ500CT409,gpa,ok,5,-18.55054915456834,-4.761983040518975,6.269349571909626,0.990588321264104,-0.07727571536835914,-0.11297451743412336,0.10882562551078567,0.9452577363405726,0.30764394211569135,0.08301663090821594,-0.31704301869400153,0.9447708522652697
CQ500CT409,axis,ok,5,-9.063565049059763,2.5330968496385067,174.35782548968282,-0.9941828933190002,-0.09015934853185519,-0.05892084948617853,0.09821937615798765,-0.9834144719220185,-0.15247599995236405,-0.04419647926019867,-0.15737619987358017,0.9865492399948184
CQ500CT409,reference,ok,7,2.306240823495616,2.9226980456323863,-4.821042077948826,0.9951658992254278,0.08602028267956303,0.047385060795294004,-0.0839344820707785,0.9954825025102851,-0.04438006213797153,-0.050988584392546187,0.04018828390946963,0.9978903076481183
CQ500CT411,gpa,ok,5,9.698385927717078,-3.8289359263336222,9.678202386028767,0.9835671375844465,-0.17680110065629123,-0.03656578551956773,0.16773911325758567,0.9697879188208322,-0.17712984613756674,0.06677780879527184,0.16808558330768025,0.9835079872256346
CQ500CT411,axis,ok,5,18.376079839250163,2.6803583272937135,177.099151362231,-0.9976259745210966,-0.06275072776810174,-0.028368311994300763,0.05055236599114686,-0.947045572701033,0.31709484625277307,-0.046764016653079984,0.31490796971805307,0.9479694601381019
CQ500CT411,reference,ok,7,31.986746162894306,2.6459101859907928,-1.309833035484539,0.9986728800615762,0.04383570067277444,0.027035346789767576,-0.022834538038317368,0.8473900419341857,-0.5304796892467757,-0.04616343252069448,0.5291583394195978,0.847266421688362
CQ500CT415,gpa,ok,5,-22.396724656631914,-1.132836987328772,17.071949037064435,0.9557500149399387,-0.2642265835746964,-0.12932989397177477,0.2935149712741638,0.8860398995816682,0.3588624499543443,0.019770447142977206,-0.3809430520192638,0.9243871053503588
CQ500CT415,axis,ok,5,-5.136319195368529,3.025170166720052,-173.71018001475815,-0.9925952724544262,0.11381402526590885,-0.04243810497529917,-0.10940503310808503,-0.9894714986748445,-0.09474540643628103,-0.05277465141279734,-0.08940090023555872,0.9945965590154279
CQ500CT415,reference,ok,7,-5.794940655651623,2.927038310090404,6.251349823378034,0.9927569015776251,-0.11345904253589302,0.03950670875726644,0.10874823220027957,0.9884123641070331,0.10590004945069667,-0.051064237616037525,-0.10083672023218689,0.9935916663748287
CQ500CT424,gpa,ok,5,1.123283496872193,1.9569718393071118,19.064369111974067,0.944600962358296,-0.32593469565476807,0.03867293731041643,0.3264396886892058,0.9451892486280494,-0.007376579589343553,-0.03414896133524625,0.0195923057953157,0.9992246944473233
CQ500CT424,axis,ok,5,12.865971991834819,7.011237422628144,-171.11801426451825,-0.98062035945053,0.12366913211259499,-0.15195280975892086,-0.15324519013239454,-0.9673997403765613,0.20162751305476145,-0.12206400916076578,0.22100608154953402,0.9676035808045158
CQ500CT424,reference,ok,7,22.914786652537448,4.971197961691274,9.761042395896354,0.9818162426431165,-0.12290855391071048,0.1446732631059751,0.16890170095896098,0.9134710562890809,-0.3701929830983835,-0.08665495424568884,0.38789704394038416,0.9176201840669097
CQ500CT437,gpa,ok,5,-13.506023820923952,-9.00050780989754,10.587446406245418,0.9708722055204398,-0.1427399143207715,-0.19243824310041913,0.18147363394479202,0.9625049539435816,0.2016222552620035,0.15644321887109353,-0.2306719109336108,0.9603728384203125
CQ500CT437,axis,ok,5,-2.242925954842226,-2.4104853405036075,178.10183781068986,-0.9985669144121436,-0.03474286056584025,0.04070689230478679,0.033093811164773584,-0.9986310538299119,-0.04050701160478253,0.042058496216593785,-0.039101815383205195,0.9983497037259723
CQ500CT437,reference,ok,7,7.031466519898903,-2.231677677148154,-2.2808554749210406,0.9984498895068641,0.034735532245409755,-0.043488630046924354,-0.03976773934288467,0.9918824900346683,-0.12077935614244428,0.03894027543927411,0.12232157929921864,0.9917263161711796
CQ500CT438,gpa,ok,5,-11.407232319622967,-11.28687181827254,12.097670585916472,0.9588808059711049,-0.16758851750747983,-0.22904516746670334,0.2055254573289843,0.9665894675135182,0.1531799193159656,0.19572145086810733,-0.19395589728487,0.9612877943563536
CQ500CT438,axis,ok,5,4.394490449363693,-4.777787486736359,179.04021711757258,-0.9963854112880521,-0.010320180377533784,0.08431847988023812,0.016692383455116196,-0.9970271396600543,0.07522132088628906,0.0832915152156948,0.07635690314742911,0.9935955650237213
CQ500CT438,reference,ok,7,7.1045142786647455,-5.439063945097817,-1.5532606932161162,0.9951317847154405,0.01517915287117299,-0.09737722714873061,-0.02698414906391379,0.9922753493228911,-0.12108462670971576,0.09478706002592548,0.12312280229205413,0.9878543358245655
CQ500CT445,gpa,ok,5,-25.073913149508964,-16.797805382079463,10.801373241832277,0.9403693116712988,-0.04944164308700184,-0.33654283768297116,0.1794083987084091,0.9126661657409211,0.36722349650403735,0.28899512822837287,-0.40570431824251485,0.8671135000792242
CQ500CT445,axis,ok,5,-13.135150903187933,-10.238752102731596,176.35640803388864,-0.9820864668636673,-0.10219905969218772,0.1583083187999663,0.06253783121886336,-0.9693012820451655,-0.23778991629595972,0.17775036222095317,-0.2236299998292519,0.9583289789559161
CQ500CT445,reference,ok,7,-5.213197216836837,-10.191439065088689,-4.852944097476689,0.9806937299476255,0.10026794466493785,-0.16788730539883964,-0.08326382334025267,0.9909333527201025,0.1054429997186101,0.17693768327910664,-0.08942834975310988,0.9801508182398553
CQ500CT456,gpa,ok,5,0.10976730314462539,-16.150621155772317,0.3529885085220026,0.9605155413297386,-0.0066936566537623005,-0.2781458067716294,0.005917630249910034,0.9999759040398445,-0.0036294616572291466,0.2781633989515234,0.0018401902883917638,0.9605320073706226
CQ500CT456,axis,ok,5,17.515613437221983,-5.771964501222311,165.70799555695166,-0.9641371425133882,-0.20608676488359767,0.16723580886260953,0.2456121952714023,-0.9315922140110465,0.26797499198238456,0.10056947827288891,0.2994397971776785,0.948800077943773
CQ500CT456,reference,ok,7,14.621808068128539,-6.940393266059623,-13.914064075538986,0.963544894428361,0.20306968841973075,-0.17419511493193837,-0.2387042704863061,0.9465560740202177,-0.2169144301032842,0.12083669836865886,0.25058790948596377,0.9605228742444484
CQ500CT468,gpa,ok,5,10.878295978498663,-11.832833482098557,13.353261712739835,0.9522891421107187,-0.2644569254256604,-0.15234147305457485,0.22604652787648866,0.9465429776376035,-0.230129004516865,0.205056960508574,0.18471309125058263,0.9611621699108008
CQ500CT468,axis,ok,5,19.895627276251716,-5.595530136344302,-179.12726310259427,-0.9951195558553402,0.04750038433212856,0.08649152006162579,-0.015158965193837559,-0.9396996087774071,0.3416648226520257,0.09750525795321276,0.338686224626701,0.9358335139967948
CQ500CT468,reference,ok,7,33.09395230040757,-6.373615845161973,-1.1364598304018043,0.9936236534923426,-0.04398557334157731,-0.10381379753357418,-0.019711076258808812,0.8388137494994797,-0.5440615471831687,0.1110112998448745,0.5426387039167375,0.8325981793868603
CQ500CT477,gpa,not_enough_points,0,nan,nan,nan,nan,nan,nan,nan,nan,nan,nan,nan,nan
CQ500CT477,axis,missing_required_landmarks,0,nan,nan,nan,nan,nan,nan,nan,nan,nan,nan,nan,nan
CQ500CT477,reference,not_enough_points,0,nan,nan,nan,nan,nan,nan,nan,nan,nan,nan,nan,nan
CQ500CT48,gpa,ok,5,-10.916959900701913,-14.500787758771308,9.812778467920818,0.9539801637553931,-0.12061771667621138,-0.274541824837401,0.16500010583558808,0.9756193027475014,0.14471330685435918,0.2503933150774551,-0.18335305432497268,0.9506233982152059
CQ500CT48,axis,ok,5,-1.1555966705347502,-7.851294536569474,176.9558695222303,-0.9892280986239423,-0.0558453632762852,0.13531099102955263,0.05260729691178735,-0.9982395268951112,-0.027391956042968145,0.1366024934051168,-0.019978547113456115,0.9904244627687366
CQ500CT48,reference,ok,7,10.940905924206994,-7.5833224767459155,-4.966504712847888,0.9875323115717944,0.06004675194982438,-0.14551398964341455,-0.08581617849952473,0.9803055881834664,-0.17786662779735987,0.13196786392681065,0.1881364966096243,0.9732364263292098
CQ500CT484,gpa,ok,5,-31.353936339874316,-4.1371560479046305,9.999260645898149,0.9822437831574631,-0.11131124645790245,-0.15101972341553055,0.17318301151718157,0.8475155800506443,0.5017220207378386,0.0721442649858949,-0.518967386242535,0.8517441265111468
CQ500CT484,axis,ok,5,-17.283615090724698,2.3765999848006123,178.3706556174785,-0.9987358805722211,-0.01483457648845654,-0.048026827898980363,0.02840913426984011,-0.9548100459124134,-0.2958558725372428,-0.041467601180540235,-0.29684627598328267,0.9540244894588338
CQ500CT484,reference,ok,7,-12.65941604934123,2.1171723023389797,-1.030565320599656,0.9991557193416291,0.009453566783876986,0.03998097775161333,-0.01797351045537158,0.9756778146841256,0.21847140512002808,-0.0369432189829591,-0.2190055524599125,0.9750239825578166
CQ500CT50,gpa,ok,5,-9.465280095205307,-10.760272490844816,10.42191538349599,0.9662093705003616,-0.14823622996970082,-0.2108683771495022,0.17771465015955973,0.9756663932706634,0.12842348757481992,0.18670017535064085,-0.16155837696196568,0.9690417614104435
CQ500CT50,axis,ok,5,-1.2031805531071653,-4.061534267153791,178.85850095527584,-0.9972906018853221,-0.02140414755414762,0.0703798114425733,0.019871566853398703,-0.9995514802876192,-0.022404443434735286,0.07082779272293328,-0.020945183749722113,0.9972686313404666
CQ500CT50,reference,ok,6,12.399743361391781,-3.7099770745443634,-3.8754518682947507,0.9956224861034079,0.05214860013340258,-0.07756538318990569,-0.06744619151338253,0.9753790011278727,-0.20996860577032142,0.06470607711498642,0.21428095497014898,0.9746264904677432
CQ500CT51,gpa,ok,5,-13.625546003176291,-5.514751534670275,8.364983881750529,0.9847821557651067,-0.11898564711323564,-0.12667486517725315,0.14480506246570138,0.9648104269898605,0.2194819670404593,0.09610202688255375,-0.23448508641849572,0.9673578162584806
CQ500CT51,axis,ok,5,1.461115333398419,1.4830379979792925,176.66482287982885,-0.9979718846534449,-0.05881684828535163,-0.024345344504222568,0.058157467091958986,-0.9979433049418369,0.026960510811402365,-0.02588100582858129,0.025489968213828065,0.9993399997287005
CQ500CT51,reference,ok,7,3.5473361323452233,1.212748516899357,-3.128389343941455,0.9982860851555332,0.0557765928668531,0.017716203684886012,-0.0545613442527867,0.9965251627579991,-0.06293377236009316,-0.02116487415903904,0.06185928934532343,0.9978604493733199
CQ500CT59,gpa,ok,5,-10.293671255915063,-8.971660689928584,3.870855960394701,0.9855122506633013,-0.03861829002832933,-0.16514911888303602,0.066681882548906,0.9835414536448127,0.16792776870423226,0.15594592117875103,-0.1765073274329882,0.9718672918820627
CQ500CT59,axis,ok,5,5.47694069658152,-0.4128901211381901,170.97473940087042,-0.9875936319390339,-0.1554744589188451,0.022056989308613224,0.1568658293163227,-0.983218384461844,0.09313817718392389,0.007206229691748769,0.09544265859736954,0.995408845235713
CQ500CT59,reference,ok,7,5.583903593502274,-0.6974624294774895,-8.417638451020354,0.9891540224745548,0.14452124054229,-0.026228435990835675,-0.14637672228823653,0.9847065966454992,-0.09448160506146441,0.012172715167960556,0.09729609218748521,0.9951810365207345
CQ500CT6,gpa,ok,5,-20.152986086099325,-5.941831159895547,9.910307660415775,0.9797860501280147,-0.1264363692450284,-0.15502625747491605,0.17118168072621112,0.9309061704009651,0.32266164025672284,0.1035187333688626,-0.3426770293462112,0.9337324699292419
CQ500CT6,axis,ok,5,-4.01955104606401,0.7478114503734441,178.5089730728712,-0.9995762679511845,-0.025041834135934846,-0.014838837282293628,0.026018175748903055,-0.9972262393916089,-0.06973436742072428,-0.01305140143744156,-0.07009089821066433,0.9974552255156826
CQ500CT6,reference,ok,7,-2.6143837047280516,0.44386836790816514,-1.9545021877479443,0.9993882350235908,0.033717224640892114,0.009290019319006911,-0.03410485945744027,0.9983900327524761,0.04532329491441912,-0.0077468869760795745,-0.04561240251320671,0.9989291739053142
CQ500CT7,gpa,ok,5,-4.8266972115998055,-10.501475895941491,8.998913446680199,0.9711476880043215,-0.1407139900476953,-0.19254023238980114,0.15379580431757747,0.9865874813082987,0.05469910694021502,0.18226085333436523,-0.08273279114477389,0.9797633727646815
CQ500CT7,axis,ok,5,14.126036712988968,-3.227505789591137,176.05549580637341,-0.9960487558002402,-0.053002096022308126,0.07125765843778274,0.06868110452883666,-0.9684092031270857,0.23972175783491598,0.0563008165970325,0.24366861331735998,0.9682230243773912
CQ500CT7,reference,ok,7,11.196165827084016,-3.3660357019549023,-3.9758517310800854,0.9958723222949512,0.05664333024055432,-0.07092144122986484,-0.06921640951946462,0.979397783831943,-0.18970785349666897,0.058714617771858456,0.19383372813919467,0.9792757933777213
CQ500CT70,gpa,ok,5,-14.028174239755955,-5.5559096344000505,8.89439670226443,0.9833336797161919,-0.1268165248123688,-0.13027833039430492,0.15388742210063108,0.9621387948778263,0.22496133158893372,0.09681702151500034,-0.2412602504051543,0.9656189496480516
CQ500CT70,axis,ok,5,-0.4799730400882519,1.4260099779373259,177.89045608109495,-0.9990127815104268,-0.036600548515954616,-0.025176620645579694,0.03679876886122567,-0.9992948858970332,-0.007455308869087679,-0.02488599986133298,-0.008374417494170087,0.9996552186341724
CQ500CT70,reference,ok,7,4.025045464600679,1.176846622716437,-2.6576350331278706,0.9987137243998955,0.047693574464216196,0.017211032802123383,-0.04635806996086904,0.9963937024546107,-0.07106700400534365,-0.020538404144253078,0.0701777219893794,0.9973230476087417
CQ500CT82,gpa,ok,5,-26.355645031933697,-11.851458180948468,5.329013463009859,0.9744532639469038,0.007559499384115728,-0.22446311579474898,0.09089501012401184,0.9006505843963309,0.4249313144039906,0.20537510442549042,-0.4344782834568479,0.8769547808676393
CQ500CT82,axis,ok,5,-16.262190518517173,-4.206814198398352,171.9313228948105,-0.9874329701957324,-0.15508320458124367,0.03041922134516303,0.13998181373283594,-0.9476035848489377,-0.2871454993648829,0.07335680741757729,-0.2792787955399665,0.957403850612293
CQ500CT82,reference,ok,7,-6.815259911004634,-3.4187340553445127,-8.092578000525396,0.988280006222442,0.14678433179035813,-0.04191645550172436,-0.14052246276411687,0.9820500199975475,0.12582207946749102,0.05963276582280376,-0.11845724192160803,0.9911668956722919
CQ500CT87,gpa,ok,5,-18.95759968763183,-0.9011840099092052,14.06027911894455,0.9699206842048914,-0.2248087457581676,-0.09335359758549805,0.24291252954152404,0.9186662533614794,0.3115217776119681,0.015727979630383384,-0.32482817421741905,0.9456422621114838
CQ500CT87,axis,ok,5,-6.9041577958816855,4.876933659751551,-176.67399325389846,-0.9947012864177176,0.06779890767870184,-0.07728297947486674,-0.057807126506139846,-0.9904835054591659,-0.12490300852431702,-0.08501580396632706,-0.11977367628530627,0.9891544770889236
CQ500CT87,reference,ok,7,1.7046963313332906,3.7697458957417833,3.819316035260296,0.9956201981922558,-0.06462929386714289,0.06755349973055563,0.06646616078391882,0.9974677568026128,-0.025304616373480245,-0.06574701835260634,0.029683808943551052,0.9973947067557278
CQ500CT96,gpa,ok,5,-20.068424650517894,-5.2149555636796565,9.310848975027618,0.9827403411749157,-0.12118917457790777,-0.13976625412643529,0.16112098070664624,0.9319546292869366,0.32480855673269604,0.09089252666494875,-0.3417217477945671,0.9353955290040082
CQ500CT96,axis,ok,5,-1.5748716383278287,1.5629595760154336,178.13677162699489,-0.9990994422016602,-0.03175223680429534,-0.028144272068318033,0.03250164197242575,-0.9991181257537602,-0.02658221321466279,-0.027275407630827572,-0.02747300944959421,0.9992503619665868
CQ500CT96,reference,ok,7,-4.8277428762278065,1.1208857649620174,-2.2932132494546886,0.9990079427474282,0.038226460261561304,0.022844431781542916,-0.040005779872078005,0.9957200838349282,0.08331297752804961,-0.019561899303930902,-0.08414423559361457,0.9962615518587422
